layer_id,server,type,number,name,offsetX,offsetY,symbol,insert,geometry_wkt
68,31,point,0,C_SWD_EX PIT,115.8481299397865,-31.96576487741475,,C_SWD_PIT,
67,30,polyline,0,C_SWD_EX STORMWATER DRAINAGE,115.84891485264751,-31.96576487703375,maintenance_hole,C_SWD_PIT,
66,29,polyline,0,1m_CONTOURS,151.2038397909985,-33.8892883241928,,,
65,28,point,0,C_SWD_EX PIT,151.2040162141575,-33.88943655579335,,,
64,27,polyline,0,C_SWD_EX STORMWATER DRAINAGE,151.20396173888,-33.88845553094171,,,
50,26,polyline,6,1m_CONTOURS,152.8508928515635,-26.70797424026415,,,
62,17,polyline,45,C_SEW_EX SERVICE,151.38768388405303,-27.519000584999965,,,
61,17,polyline,44,C_SEW_EX RISING MAIN,151.38768388405303,-27.519000584999965,,,
60,17,polyline,43,C_SEW_EX GRAVITY SEWER,151.38768388405303,-27.519000584999965,,,
59,17,point,42,C_SEW_EX MAINTENANCE HOLE,151.38768388405303,-27.519000584999965,,,
58,17,polyline,36,C_SWD_EX STORMWATER DRAINAGE,151.38768388405303,-27.519000584999965,,,
57,17,point,33,C_SWD_EX PIT,151.38768388405303,-27.519000584999965,,,
56,17,polyline,30,C_WAT_EX SERVICE,151.38768388405303,-27.519000584999965,,,
55,17,polyline,29,C_WAT_EX DRINKING WATER MAIN,151.38768388405303,-27.519000584999965,,,
54,17,point,28,C_WAT_EX HYDRANT,151.38768388405303,-27.519000584999965,,,
53,17,point,27,C_WAT_EX VALVE,151.38768388405303,-27.519000584999965,,,
52,17,point,26,C_WAT_EX VALVE,151.38768388405303,-27.519000584999965,,,
51,17,polyline,23,1m_CONTOURS,151.38768388405303,-27.519000584999965,,,
63,12,polygon,15,C_BDY,149.80739074101405,-32.87525231899164,,,
49,10,polyline,19,C_WAT_EX SERVICE,0,-44.99999999999835,,,
48,10,polyline,17,C_WAT_EX DRINKING WATER MAIN,0,-44.99999999999835,,,
47,10,polyline,16,C_WAT_EX DRINKING WATER MAIN,0,-44.99999999999835,,,
46,10,point,5,C_WAT_EX HYDRANT,0,-44.99999999999835,,,
45,10,point,1,C_WAT_EX VALVE,0,-44.99999999999835,,,
44,10,point,0,C_WAT_EX VALVE,0,-44.99999999999835,,,
43,9,polyline,21,C_SEW_EX SERVICE,0,-45,,,
42,9,polyline,19,C_SEW_EX RISING MAIN,0,-45,,,
41,9,polyline,17,C_SEW_EX GRAVITY SEWER,0,-45,,,
40,9,polyline,16,C_SEW_EX GRAVITY SEWER,0,-45,,,
39,9,point,4,C_SEW_EX MAINTENANCE HOLE,0,-45,,,
38,8,polygon,20,C_SWD_EX MAINTENANCE HOLE,153.360152093,-27.96711795,,,
37,8,polyline,15,C_SWD_EX STORMWATER DRAINAGE,153.360152093,-27.96711795,,,
36,7,polyline,7,C_WAT_EX SERVICE,153.368289952,-27.9426428815,,,
35,7,polyline,5,C_WAT_EX RECYCLED WATER MAIN,153.368289952,-27.9426428815,,,
34,7,polyline,4,C_WAT_EX DRINKING WATER MAIN,153.368289952,-27.9426428815,,,
33,7,point,3,C_WAT_EX SERVICE,153.368289952,-27.9426428815,,,
32,7,point,0,C_WAT_EX HYDRANT,153.368289952,-27.9426428815,,,
31,6,polyline,7,C_SEW_EX RISING MAIN,153.372656825,-27.944125517499998,,,
30,6,polyline,6,C_SEW_EX GRAVITY SEWER,153.372656825,-27.944125517499998,,,
29,6,polyline,5,C_SEW_EX SERVICE,153.372656825,-27.944125517499998,,,
28,6,polyline,4,C_SEW_EX SERVICE,153.372656825,-27.944125517499998,,,
27,6,point,1,C_SEW_EX MAINTENANCE HOLE,153.372656825,-27.944125517499998,,,
26,5,polyline,7,C_EX ELEC OH HV,149.789408178,-22.929895783,,,
25,5,polyline,6,C_EX ELEC UG HV,149.789408178,-22.929895783,,,
24,5,polyline,5,C_EX ELEC OH LV,149.789408178,-22.929895783,,,
23,5,polyline,4,C_EX ELEC UG LV,149.789408178,-22.929895783,,,
22,5,point,2,C_EX ELEC SUBSTATION,149.789408178,-22.929895783,,,
21,5,point,1,C_EX ELEC POLES,149.789408178,-22.929895783,,,
20,5,point,0,C_EX ELEC PILLARS,149.789408178,-22.929895783,,,
19,4,polyline,17,C_SWD_EX STORMWATER DRAINAGE,152.9021195343425,-26.708081615729236,,,
18,4,polyline,16,C_SWD_EX STORMWATER DRAINAGE,152.9021195343425,-26.708081615729236,,,
17,4,point,15,C_SWD_EX STORMWATER DRAINAGE,152.9021195343425,-26.708081615729236,,,
16,4,polyline,14,C_SWD_EX STORMWATER DRAINAGE,152.9021195343425,-26.708081615729236,,,
15,4,polyline,9,C_SWD_EX STORMWATER DRAINAGE,152.9021195343425,-26.708081615729236,,,
14,4,polyline,8,C_SWD_EX STORMWATER DRAINAGE,152.9021195343425,-26.708081615729236,,,
13,4,point,7,C_SWD_EX STORMWATER DRAINAGE,152.9021195343425,-26.708081615729236,,,
12,4,polyline,6,C_SWD_EX STORMWATER DRAINAGE,152.9021195343425,-26.708081615729236,,,
11,3,point,7,C_WAT_EX HYDRANT,152.62894218735185,-26.652883909949774,,,
10,3,point,6,C_WAT_EX VALVE,152.62894218735185,-26.652883909949774,,,
9,3,point,5,C_WAT_EX VALVE,152.62894218735185,-26.652883909949774,,,
8,3,point,4,C_WAT_EX VALVE,152.62894218735185,-26.652883909949774,,,
7,3,point,3,C_WAT_EX SERVICE,152.62894218735185,-26.652883909949774,,,
6,3,polyline,10,C_WAT_EX DRINKING WATER MAIN,152.62894218735185,-26.652883909949774,,,
5,2,polyline,12,C_SEW_EX RISING MAIN,152.96328403807103,-26.845904957433527,,,
4,2,polyline,11,C_SEW_EX GRAVITY SEWER,152.96328403807103,-26.845904957433527,,,
3,2,point,5,C_SEW_EX MAINTENANCE HOLE,152.96328403807103,-26.845904957433527,,,
2,1,polygon,9,C_EASEMENT,145.751671321,-18.99942326050001,,,
1,1,polygon,8,C_BDY,145.751671321,-18.99942326050001,,,
69,25,polyline,0,1m_CONTOURS,145.771758285,-19.5800012,contour_line,1M_CONTOURS,
70,19,polyline,0,Water Mains,112.88179691,-22.7716500615,water_main,WATER_MAINS,
71,19,polyline,1,Sewer Mains,112.88179691,-22.7716500615,sewer_main,SEWER_MAINS,
72,19,polyline,2,Stormwater Drainage,112.88179691,-22.7716500615,drainage_pipe,STORMWATER_DRAINAGE,
73,19,polyline,3,Electrical Lines,112.88179691,-22.7716500615,electrical,ELECTRICAL_LINES,
74,19,polyline,4,Communication Conduits,112.88179691,-22.7716500615,conduit,COMMUNICATION_CONDUITS,
75,19,point,5,Utility Pits,112.88179691,-22.7716500615,utility_pit,UTILITY_PITS,
76,16,polyline,0,Underground Utilities,0,0,underground_utility,UNDERGROUND_UTILITIES,
77,16,polyline,1,Service Connections,0,0,service_connection,SERVICE_CONNECTIONS,
78,16,point,2,Utility Markers,0,0,utility_marker,UTILITY_MARKERS,
79,15,polyline,0,TAS Water Infrastructure,80.51289070346985,-20.09416796773745,water_main,TAS_WATER_INFRASTRUCTURE,
80,15,polyline,1,TAS Sewer Infrastructure,80.51289070346985,-20.09416796773745,sewer_main,TAS_SEWER_INFRASTRUCTURE,
81,15,polyline,2,TAS Stormwater,80.51289070346985,-20.09416796773745,drainage_pipe,TAS_STORMWATER,
82,15,point,3,TAS Utility Points,80.51289070346985,-20.09416796773745,utility_point,TAS_UTILITY_POINTS,
83,14,polyline,0,RCC Water Assets,156.020513833526,-56.34266761639575,water_asset,RCC_WATER_ASSETS,
84,14,polyline,1,RCC Sewer Assets,156.020513833526,-56.34266761639575,sewer_asset,RCC_SEWER_ASSETS,
85,14,polyline,2,RCC Stormwater Assets,156.020513833526,-56.34266761639575,stormwater_asset,RCC_STORMWATER_ASSETS,
86,14,point,3,RCC Asset Points,156.020513833526,-56.34266761639575,asset_point,RCC_ASSET_POINTS,
87,13,polyline,0,Communication Conduits,115.86249365982,-31.9546604066332,conduit,COMMUNICATION_CONDUITS,
88,13,point,1,Communication Pits,115.86249365982,-31.9546604066332,comm_pit,COMMUNICATION_PITS,
89,13,polyline,2,Fiber Optic Cables,115.86249365982,-31.9546604066332,fiber_cable,FIBER_OPTIC_CABLES,
90,11,point,0,Smart City Infrastructure,153.043963238815,-27.4129129505,smart_device,SMART_CITY_INFRASTRUCTURE,
91,11,polyline,1,Public Utilities,153.043963238815,-27.4129129505,public_utility,PUBLIC_UTILITIES,
92,11,point,2,Community Assets,153.043963238815,-27.4129129505,community_asset,COMMUNITY_ASSETS