timestamp,layers
2024-09-29 20:18:21,"{'layer_id': 1, 'server_id': 1, 'type': 'polygon', 'number': 8, 'name': 'C_BDY', 'offsetX': 0, 'offsetY': 0, 'symbol': '', 'insert': ''}"
2024-09-29 20:18:21,"{'layer_id': 2, 'server_id': 1, 'type': 'polygon', 'number': 9, 'name': 'C_EASEMENT', 'offsetX': 0, 'offsetY': 0, 'symbol': '', 'insert': ''}"
2024-09-29 20:18:21,"{'layer_id': 3, 'server_id': 2, 'type': 'point', 'number': 5, 'name': 'C_SEW_EX MAINTENANCE HOLE', 'offsetX': 644.3, 'offsetY': 1427.8, 'symbol': 'maintenance_hole', 'insert': 'C_SEWER MH'}"
2024-09-29 20:18:21,"{'layer_id': 4, 'server_id': 2, 'type': 'polyline', 'number': 11, 'name': 'C_SEW_EX GRAVITY SEWER', 'offsetX': 644.3, 'offsetY': 1427.8, 'symbol': '', 'insert': ''}"
2024-09-29 20:18:21,"{'layer_id': 5, 'server_id': 2, 'type': 'polyline', 'number': 12, 'name': 'C_SEW_EX RISING MAIN', 'offsetX': 644.3, 'offsetY': 1427.8, 'symbol': '', 'insert': ''}"
2024-09-29 20:18:21,"{'layer_id': 6, 'server_id': 3, 'type': 'polyline', 'number': 10, 'name': 'C_WAT_EX DRINKING WATER MAIN', 'offsetX': 644.3, 'offsetY': 1427.8, 'symbol': '', 'insert': ''}"
2024-09-29 20:18:21,"{'layer_id': 7, 'server_id': 3, 'type': 'point', 'number': 3, 'name': 'C_WAT_EX SERVICE', 'offsetX': 644.3, 'offsetY': 1427.8, 'symbol': '', 'insert': ''}"
2024-09-29 20:18:21,"{'layer_id': 8, 'server_id': 3, 'type': 'point', 'number': 4, 'name': 'C_WAT_EX VALVE', 'offsetX': 644.3, 'offsetY': 1427.8, 'symbol': 'valve', 'insert': 'C - SYSTEM VALVE'}"
2024-09-29 20:18:21,"{'layer_id': 9, 'server_id': 3, 'type': 'point', 'number': 5, 'name': 'C_WAT_EX VALVE', 'offsetX': 644.3, 'offsetY': 1427.8, 'symbol': 'valve', 'insert': 'C - SYSTEM VALVE'}"
2024-09-29 20:18:21,"{'layer_id': 10, 'server_id': 3, 'type': 'point', 'number': 6, 'name': 'C_WAT_EX VALVE', 'offsetX': 644.3, 'offsetY': 1427.8, 'symbol': 'valve', 'insert': 'C - SYSTEM VALVE'}"
2024-09-29 20:18:21,"{'layer_id': 11, 'server_id': 3, 'type': 'point', 'number': 7, 'name': 'C_WAT_EX HYDRANT', 'offsetX': 644.3, 'offsetY': 1427.8, 'symbol': 'hydrant', 'insert': 'C - FH'}"
2024-09-29 20:18:21,"{'layer_id': 12, 'server_id': 4, 'type': 'polyline', 'number': 6, 'name': 'C_SWD_EX STORMWATER DRAINAGE', 'offsetX': 0, 'offsetY': 0, 'symbol': '', 'insert': ''}"
2024-09-29 20:18:21,"{'layer_id': 13, 'server_id': 4, 'type': 'point', 'number': 7, 'name': 'C_SWD_EX STORMWATER DRAINAGE', 'offsetX': 0, 'offsetY': 0, 'symbol': '', 'insert': ''}"
2024-09-29 20:18:21,"{'layer_id': 14, 'server_id': 4, 'type': 'polyline', 'number': 8, 'name': 'C_SWD_EX STORMWATER DRAINAGE', 'offsetX': 0, 'offsetY': 0, 'symbol': '', 'insert': ''}"
2024-09-29 20:18:21,"{'layer_id': 15, 'server_id': 4, 'type': 'polyline', 'number': 9, 'name': 'C_SWD_EX STORMWATER DRAINAGE', 'offsetX': 0, 'offsetY': 0, 'symbol': '', 'insert': ''}"
2024-09-29 20:18:21,"{'layer_id': 16, 'server_id': 4, 'type': 'polyline', 'number': 14, 'name': 'C_SWD_EX STORMWATER DRAINAGE', 'offsetX': 0, 'offsetY': 0, 'symbol': '', 'insert': ''}"
2024-09-29 20:18:21,"{'layer_id': 17, 'server_id': 4, 'type': 'point', 'number': 15, 'name': 'C_SWD_EX STORMWATER DRAINAGE', 'offsetX': 0, 'offsetY': 0, 'symbol': '', 'insert': ''}"
2024-09-29 20:18:21,"{'layer_id': 18, 'server_id': 4, 'type': 'polyline', 'number': 16, 'name': 'C_SWD_EX STORMWATER DRAINAGE', 'offsetX': 0, 'offsetY': 0, 'symbol': '', 'insert': ''}"
2024-09-29 20:18:21,"{'layer_id': 19, 'server_id': 4, 'type': 'polyline', 'number': 17, 'name': 'C_SWD_EX STORMWATER DRAINAGE', 'offsetX': 0, 'offsetY': 0, 'symbol': '', 'insert': ''}"
2024-09-29 20:18:21,"{'layer_id': 20, 'server_id': 5, 'type': 'point', 'number': 0, 'name': 'C_EX ELEC PILLARS', 'offsetX': 601.5, 'offsetY': 1369.1, 'symbol': 'elec_pillar', 'insert': 'C - ELEC PILLAR'}"
2024-09-29 20:18:21,"{'layer_id': 21, 'server_id': 5, 'type': 'point', 'number': 1, 'name': 'C_EX ELEC POLES', 'offsetX': 601.5, 'offsetY': 1369.1, 'symbol': 'elec_pole', 'insert': 'C - ELEC POLE'}"
2024-09-29 20:18:21,"{'layer_id': 22, 'server_id': 5, 'type': 'point', 'number': 2, 'name': 'C_EX ELEC SUBSTATION', 'offsetX': 601.5, 'offsetY': 1369.1, 'symbol': '', 'insert': ''}"
2024-09-29 20:18:21,"{'layer_id': 23, 'server_id': 5, 'type': 'polyline', 'number': 4, 'name': 'C_EX ELEC UG LV', 'offsetX': 601.5, 'offsetY': 1369.1, 'symbol': '', 'insert': ''}"
2024-09-29 20:18:21,"{'layer_id': 24, 'server_id': 5, 'type': 'polyline', 'number': 5, 'name': 'C_EX ELEC OH LV', 'offsetX': 601.5, 'offsetY': 1369.1, 'symbol': '', 'insert': ''}"
2024-09-29 20:18:21,"{'layer_id': 25, 'server_id': 5, 'type': 'polyline', 'number': 6, 'name': 'C_EX ELEC UG HV', 'offsetX': 601.5, 'offsetY': 1369.1, 'symbol': '', 'insert': ''}"
2024-09-29 20:18:21,"{'layer_id': 26, 'server_id': 5, 'type': 'polyline', 'number': 7, 'name': 'C_EX ELEC OH HV', 'offsetX': 601.5, 'offsetY': 1369.1, 'symbol': '', 'insert': ''}"
2024-09-29 20:18:21,"{'layer_id': 27, 'server_id': 6, 'type': 'point', 'number': 1, 'name': 'C_SEW_EX MAINTENANCE HOLE', 'offsetX': 0, 'offsetY': 0, 'symbol': '', 'insert': ''}"
2024-09-29 20:18:21,"{'layer_id': 28, 'server_id': 6, 'type': 'polyline', 'number': 4, 'name': 'C_SEW_EX SERVICE', 'offsetX': 0, 'offsetY': 0, 'symbol': '', 'insert': ''}"
2024-09-29 20:18:21,"{'layer_id': 29, 'server_id': 6, 'type': 'polyline', 'number': 5, 'name': 'C_SEW_EX SERVICE', 'offsetX': 0, 'offsetY': 0, 'symbol': '', 'insert': ''}"
2024-09-29 20:18:21,"{'layer_id': 30, 'server_id': 6, 'type': 'polyline', 'number': 6, 'name': 'C_SEW_EX GRAVITY SEWER', 'offsetX': 0, 'offsetY': 0, 'symbol': '', 'insert': ''}"
2024-09-29 20:18:21,"{'layer_id': 31, 'server_id': 6, 'type': 'polyline', 'number': 7, 'name': 'C_SEW_EX RISING MAIN', 'offsetX': 0, 'offsetY': 0, 'symbol': '', 'insert': ''}"
2024-09-29 20:18:21,"{'layer_id': 32, 'server_id': 7, 'type': 'point', 'number': 0, 'name': 'C_WAT_EX HYDRANT', 'offsetX': 0, 'offsetY': 0, 'symbol': 'hydrant', 'insert': 'C - FH'}"
2024-09-29 20:18:21,"{'layer_id': 33, 'server_id': 7, 'type': 'point', 'number': 3, 'name': 'C_WAT_EX SERVICE', 'offsetX': 0, 'offsetY': 0, 'symbol': '', 'insert': ''}"
2024-09-29 20:18:21,"{'layer_id': 34, 'server_id': 7, 'type': 'polyline', 'number': 4, 'name': 'C_WAT_EX DRINKING WATER MAIN', 'offsetX': 0, 'offsetY': 0, 'symbol': '', 'insert': ''}"
2024-09-29 20:18:21,"{'layer_id': 35, 'server_id': 7, 'type': 'polyline', 'number': 5, 'name': 'C_WAT_EX RECYCLED WATER MAIN', 'offsetX': 0, 'offsetY': 0, 'symbol': '', 'insert': ''}"
2024-09-29 20:18:21,"{'layer_id': 36, 'server_id': 7, 'type': 'polyline', 'number': 7, 'name': 'C_WAT_EX SERVICE', 'offsetX': 0, 'offsetY': 0, 'symbol': '', 'insert': ''}"
2024-09-29 20:18:21,"{'layer_id': 37, 'server_id': 8, 'type': 'polyline', 'number': 15, 'name': 'C_SWD_EX STORMWATER DRAINAGE', 'offsetX': 0, 'offsetY': 0, 'symbol': '', 'insert': ''}"
2024-09-29 20:18:21,"{'layer_id': 38, 'server_id': 8, 'type': 'polygon', 'number': 20, 'name': 'C_SWD_EX MAINTENANCE HOLE', 'offsetX': 0, 'offsetY': 0, 'symbol': 'maintenance_hole', 'insert': 'C_SWD MH'}"
2024-09-29 20:18:21,"{'layer_id': 39, 'server_id': 9, 'type': 'point', 'number': 4, 'name': 'C_SEW_EX MAINTENANCE HOLE', 'offsetX': 0, 'offsetY': 0, 'symbol': 'maintenance_hole', 'insert': 'C_SWD MH'}"
2024-09-29 20:18:21,"{'layer_id': 40, 'server_id': 9, 'type': 'polyline', 'number': 16, 'name': 'C_SEW_EX GRAVITY SEWER', 'offsetX': 0, 'offsetY': 0, 'symbol': '', 'insert': ''}"
2024-09-29 20:18:21,"{'layer_id': 41, 'server_id': 9, 'type': 'polyline', 'number': 17, 'name': 'C_SEW_EX GRAVITY SEWER', 'offsetX': 0, 'offsetY': 0, 'symbol': '', 'insert': ''}"
2024-09-29 20:18:21,"{'layer_id': 42, 'server_id': 9, 'type': 'polyline', 'number': 19, 'name': 'C_SEW_EX RISING MAIN', 'offsetX': 0, 'offsetY': 0, 'symbol': '', 'insert': ''}"
2024-09-29 20:18:21,"{'layer_id': 43, 'server_id': 9, 'type': 'polyline', 'number': 21, 'name': 'C_SEW_EX SERVICE', 'offsetX': 0, 'offsetY': 0, 'symbol': '', 'insert': ''}"
2024-09-29 20:18:21,"{'layer_id': 44, 'server_id': 10, 'type': 'point', 'number': 0, 'name': 'C_WAT_EX VALVE', 'offsetX': 0, 'offsetY': 0, 'symbol': 'valve', 'insert': 'C - SYSTEM VALVE'}"
2024-09-29 20:18:21,"{'layer_id': 45, 'server_id': 10, 'type': 'point', 'number': 1, 'name': 'C_WAT_EX VALVE', 'offsetX': 0, 'offsetY': 0, 'symbol': 'valve', 'insert': 'C - SYSTEM VALVE'}"
2024-09-29 20:18:21,"{'layer_id': 46, 'server_id': 10, 'type': 'point', 'number': 5, 'name': 'C_WAT_EX HYDRANT', 'offsetX': 0, 'offsetY': 0, 'symbol': 'hydrant', 'insert': 'C - FH'}"
2024-09-29 20:18:21,"{'layer_id': 47, 'server_id': 10, 'type': 'polyline', 'number': 16, 'name': 'C_WAT_EX DRINKING WATER MAIN', 'offsetX': 0, 'offsetY': 0, 'symbol': '', 'insert': ''}"
2024-09-29 20:18:21,"{'layer_id': 48, 'server_id': 10, 'type': 'polyline', 'number': 17, 'name': 'C_WAT_EX DRINKING WATER MAIN', 'offsetX': 0, 'offsetY': 0, 'symbol': '', 'insert': ''}"
2024-09-29 20:18:21,"{'layer_id': 49, 'server_id': 10, 'type': 'polyline', 'number': 19, 'name': 'C_WAT_EX SERVICE', 'offsetX': 0, 'offsetY': 0, 'symbol': '', 'insert': ''}"
2024-09-29 20:18:21,"{'layer_id': 50, 'server_id': 26, 'type': 'polyline', 'number': 6, 'name': '1m_CONTOURS', 'offsetX': 0, 'offsetY': 0, 'symbol': '', 'insert': ''}"
2024-09-29 20:18:21,"{'layer_id': 51, 'server_id': 17, 'type': 'polyline', 'number': 23, 'name': '1m_CONTOURS', 'offsetX': 0, 'offsetY': 0, 'symbol': '', 'insert': ''}"
2024-09-29 20:18:21,"{'layer_id': 52, 'server_id': 17, 'type': 'point', 'number': 26, 'name': 'C_WAT_EX VALVE', 'offsetX': 0, 'offsetY': 0, 'symbol': 'valve', 'insert': 'C - SYSTEM VALVE'}"
2024-09-29 20:18:21,"{'layer_id': 53, 'server_id': 17, 'type': 'point', 'number': 27, 'name': 'C_WAT_EX VALVE', 'offsetX': 0, 'offsetY': 0, 'symbol': 'valve', 'insert': 'C - SYSTEM VALVE'}"
2024-09-29 20:18:21,"{'layer_id': 54, 'server_id': 17, 'type': 'point', 'number': 28, 'name': 'C_WAT_EX HYDRANT', 'offsetX': 0, 'offsetY': 0, 'symbol': 'hydrant', 'insert': 'C - FH'}"
2024-09-29 20:18:21,"{'layer_id': 55, 'server_id': 17, 'type': 'polyline', 'number': 29, 'name': 'C_WAT_EX DRINKING WATER MAIN', 'offsetX': 0, 'offsetY': 0, 'symbol': '', 'insert': ''}"
2024-09-29 20:18:21,"{'layer_id': 56, 'server_id': 17, 'type': 'polyline', 'number': 30, 'name': 'C_WAT_EX SERVICE', 'offsetX': 0, 'offsetY': 0, 'symbol': '', 'insert': ''}"
2024-09-29 20:18:21,"{'layer_id': 57, 'server_id': 17, 'type': 'point', 'number': 33, 'name': 'C_SWD_EX PIT', 'offsetX': 0, 'offsetY': 0, 'symbol': 'maintenance_hole', 'insert': 'C_SWD PIT'}"
2024-09-29 20:18:21,"{'layer_id': 58, 'server_id': 17, 'type': 'polyline', 'number': 36, 'name': 'C_SWD_EX STORMWATER DRAINAGE', 'offsetX': 0, 'offsetY': 0, 'symbol': '', 'insert': ''}"
2024-09-29 20:18:21,"{'layer_id': 59, 'server_id': 17, 'type': 'point', 'number': 42, 'name': 'C_SEW_EX MAINTENANCE HOLE', 'offsetX': 0, 'offsetY': 0, 'symbol': 'maintenance_hole', 'insert': 'C_SEWER MH'}"
2024-09-29 20:18:21,"{'layer_id': 60, 'server_id': 17, 'type': 'polyline', 'number': 43, 'name': 'C_SEW_EX GRAVITY SEWER', 'offsetX': 0, 'offsetY': 0, 'symbol': '', 'insert': ''}"
2024-09-29 20:18:21,"{'layer_id': 61, 'server_id': 17, 'type': 'polyline', 'number': 44, 'name': 'C_SEW_EX RISING MAIN', 'offsetX': 0, 'offsetY': 0, 'symbol': '', 'insert': ''}"
2024-09-29 20:18:21,"{'layer_id': 62, 'server_id': 17, 'type': 'polyline', 'number': 45, 'name': 'C_SEW_EX SERVICE', 'offsetX': 0, 'offsetY': 0, 'symbol': '', 'insert': ''}"
2024-09-29 20:18:21,"{'layer_id': 63, 'server_id': 12, 'type': 'polygon', 'number': 15, 'name': 'C_BDY', 'offsetX': 0, 'offsetY': 0, 'symbol': '', 'insert': ''}"
2024-09-29 20:18:21,"{'layer_id': 64, 'server_id': 27, 'type': 'polyline', 'number': 0, 'name': 'C_SWD_EX STORMWATER DRAINAGE', 'offsetX': 0, 'offsetY': 0, 'symbol': '', 'insert': ''}"
2024-09-29 20:18:21,"{'layer_id': 65, 'server_id': 28, 'type': 'point', 'number': 0, 'name': 'C_SWD_EX PIT', 'offsetX': 0, 'offsetY': 0, 'symbol': 'maintenance_hole', 'insert': 'C_SWD PIT'}"
2024-09-29 20:18:21,"{'layer_id': 66, 'server_id': 29, 'type': 'polyline', 'number': 0, 'name': '1m_CONTOURS', 'offsetX': 0, 'offsetY': 0, 'symbol': '', 'insert': ''}"
2024-09-29 20:18:21,"{'layer_id': 67, 'server_id': 30, 'type': 'polyline', 'number': 0, 'name': 'C_SWD_EX STORMWATER DRAINAGE', 'offsetX': 0, 'offsetY': 0, 'symbol': 'maintenance_hole', 'insert': 'C_SWD PIT'}"
2024-09-29 20:18:21,"{'layer_id': 68, 'server_id': 31, 'type': 'point', 'number': 0, 'name': 'C_SWD_EX PIT', 'offsetX': 0, 'offsetY': 0, 'symbol': '', 'insert': ''}"
